model_id,experiment,access,utterance,alpha_hat,kl_bets_vs_logprob,mae_bets_vs_logprob,kl_bets_vs_rsa,mae_bets_vs_rsa,kl_rsa_vs_logprob,mae_rsa_vs_logprob
Qwen--Qwen3.5-0.8B,exps_numerical,1,1,0.1,0.6413926991703351,0.26237293032072173,6.0707670621963015,0.125,1.490526005853422,0.38737293032072173
Qwen--Qwen3.5-0.8B,exps_numerical,2,1,0.1,0.4020509724842045,0.20346322145974832,9.288090072064684,0.1875,1.4835514817786613,0.3865846644173705
Qwen--Qwen3.5-0.8B,exps_numerical,2,2,0.1,0.5858689671418581,0.2505987795840666,6.0707670621963015,0.125,1.3910961076694244,0.3755987795840666
Qwen--Qwen3.5-0.8B,exps_numerical,3,1,0.1,0.2629766253038551,0.16508138157528096,9.288090072064684,0.1875,1.2213318143216838,0.35258138157528096
Qwen--Qwen3.5-0.8B,exps_numerical,3,2,0.1,0.7978225183368475,0.29849552507230026,2.939780942151118,0.0625,1.2801019720069589,0.36099552507230026
Qwen--Qwen3.5-0.8B,exps_numerical,3,3,0.1,0.8753794528883383,0.2916480649221612,0.0,0.0,0.8753794528883383,0.2916480649221612
Qwen--Qwen3.5-0.8B,exps_some,1,some,0.1,0.09441236806033182,0.10169469482010088,15.246433629347008,0.30000000000000004,1.3555553804808378,0.3710979623432977
Qwen--Qwen3.5-0.8B,exps_some,2,some,0.1,0.17328158141180672,0.14401048119144239,12.573057233070275,0.25,1.3223361208223081,0.3667440150117258
Qwen--Qwen3.5-0.8B,exps_some,3,some,0.1,0.31980142772947695,0.193521891595973,6.0707670621963015,0.125,1.0134730667675556,0.318521891595973
Qwen--Qwen3.5-2B,exps_numerical,1,1,1.5,0.9178811946523585,0.3003178397479882,0.9363774903660561,0.3039772727272727,0.9121182662091772,0.23288360264228794
Qwen--Qwen3.5-2B,exps_numerical,2,1,0.1,0.8233433455199115,0.25300921922124114,0.3825205570449893,0.15059389608991203,0.4881698750755462,0.229221263467081
Qwen--Qwen3.5-2B,exps_numerical,2,2,0.1,0.5028851552308964,0.14568642693341283,1.4833399686690485,0.31132584499653826,1.897998854181819,0.4045287970388308
Qwen--Qwen3.5-2B,exps_numerical,3,1,1.4,0.6994650476527616,0.2515744878528017,0.028573372419994674,0.014084507042253544,0.60232992097703,0.23748998081054815
Qwen--Qwen3.5-2B,exps_numerical,3,2,0.1,0.6820542300473564,0.17643201832970445,0.3641872018880637,0.15247043330042775,0.26904409135560803,0.13837409856432514
Qwen--Qwen3.5-2B,exps_numerical,3,3,1.4,0.9843438914649809,0.31315783801603514,0.020619287178996408,0.010204081632653041,0.9038821221753716,0.30295375638338207
Qwen--Qwen3.5-2B,exps_some,1,some,2.2,1.2334366033342925,0.32267863712597844,0.0026046262009123133,0.009210679801277558,1.301066049252907,0.33154860055412383
Qwen--Qwen3.5-2B,exps_some,2,some,0.2,1.23307662038162,0.3025829096936656,0.6955821734709468,0.20524653779396024,0.9903666812455605,0.29673354560717463
Qwen--Qwen3.5-2B,exps_some,3,some,0.1,1.2955948060196822,0.36054507697116794,0.553649105187282,0.23965230567908688,0.5444251613936543,0.23745010667641103
Qwen--Qwen3.5-4B,exps_numerical,1,1,1.4,2.181093559738169,0.4019750782537724,0.24979563296094046,0.125,2.898932157502542,0.4400476244338681
Qwen--Qwen3.5-4B,exps_numerical,2,1,0.1,1.9560234676921067,0.3929905496303045,0.03674885559257063,0.06763125041221241,2.274809672742,0.3929905496303045
Qwen--Qwen3.5-4B,exps_numerical,2,2,0.1,0.8167524518435926,0.27906784874070817,3.0875708507485164,0.477193690100595,2.8341078177005725,0.45522019107500616
Qwen--Qwen3.5-4B,exps_numerical,3,1,0.1,0.9487965715260733,0.22838946869212695,13.418769293818764,0.33333333333333337,3.944167049152874,0.47838946869212695
Qwen--Qwen3.5-4B,exps_numerical,3,2,1.5,0.7432373062786325,0.2622140754851962,0.0,2.750000000000004e-18,0.7432373062786325,0.2622140754851962
Qwen--Qwen3.5-4B,exps_numerical,3,3,1.3,0.7850085804875525,0.27194210598038626,0.0,5.708832798885408e-18,0.7850085804875525,0.27194210598038626
Qwen--Qwen3.5-4B,exps_some,1,some,8.0,1.7463853109539076,0.37526462632170443,0.4075916933785682,0.1667411318711075,2.6060449922112934,0.43373728437923986
Qwen--Qwen3.5-4B,exps_some,2,some,8.0,1.440864936079355,0.3317760770491824,0.32633370702595005,0.17308684235205854,2.319802845770812,0.39874496756555233
Qwen--Qwen3.5-4B,exps_some,3,some,1.4,1.3743879116654174,0.36379320942229065,0.1981725237709844,0.1314102564102564,1.738972869232261,0.3696047103330259
Qwen--Qwen3.5-9B,exps_numerical,1,1,1.5,0.5380690990069039,0.23440868648865537,0.4758814620981482,0.11666666666666667,1.144191067436807,0.326075353155322
Qwen--Qwen3.5-9B,exps_numerical,2,1,0.1,0.8485542704484954,0.24071218621283552,0.13532733450814083,0.06550687729131685,0.40806229308915687,0.18364309163811748
Qwen--Qwen3.5-9B,exps_numerical,2,2,0.1,0.49157354892054844,0.19416842270585338,2.5757994594112303,0.46195351738279855,0.834441444730436,0.30485027071077664
Qwen--Qwen3.5-9B,exps_numerical,3,1,0.2,0.18595562426624068,0.0902197020997518,0.10592177734485791,0.08445862790365481,0.06290358302563775,0.03827988844649619
Qwen--Qwen3.5-9B,exps_numerical,3,2,1.4,0.31493134343523876,0.1350805096336671,0.0,2.5754514377493198e-17,0.31493134343523876,0.13508050963366708
Qwen--Qwen3.5-9B,exps_numerical,3,3,1.3,0.244159358970829,0.10831860581491753,0.0,1.1081851903718733e-17,0.244159358970829,0.10831860581491753
Qwen--Qwen3.5-9B,exps_some,1,some,8.0,0.6801946790240999,0.21500291099249635,0.1271764789341599,0.09899321810568035,0.9928413922593137,0.3139304259748577
Qwen--Qwen3.5-9B,exps_some,2,some,7.8,0.27498382195125026,0.1201791453699799,0.43854436363621224,0.21739319845101032,0.5682491962376712,0.24521512497194595
Qwen--Qwen3.5-9B,exps_some,3,some,0.1,0.33629380528397607,0.14678568130021596,0.03738899147545677,0.03881782220550691,0.22354615174200052,0.11936197575280992
google--gemma-3-4b-it,exps_numerical,1,1,0.1,1.298737853610243,0.21565234469929112,0.05388794961911281,0.06520341596013604,1.3151905423760488,0.2509820731899815
google--gemma-3-4b-it,exps_numerical,2,1,0.1,1.4705576342585815,0.25457389723309704,0.2661969593551741,0.10167191273197898,0.589273962913368,0.20104596291012444
google--gemma-3-4b-it,exps_numerical,2,2,0.1,1.5758282822704779,0.1821562285271579,0.4708386299466919,0.13300317016645852,0.4306271889741119,0.11932381532090541
google--gemma-3-4b-it,exps_numerical,3,1,0.1,0.8818736458957179,0.2265539724465183,0.5628560243702614,0.227493681226457,0.47811261701024554,0.07858442553215426
google--gemma-3-4b-it,exps_numerical,3,2,0.1,1.419137220184349,0.1898805688297588,0.7253263108350614,0.2139695598853751,0.32875149253169184,0.06993102567411905
google--gemma-3-4b-it,exps_numerical,3,3,0.1,2.9816450133111623,0.38350754797415654,0.7741088900456281,0.2691603478931236,0.6983188027488536,0.12747697314899015
google--gemma-3-4b-it,exps_some,1,some,0.1,1.1712020192652102,0.22940358922344453,0.15162354517152235,0.0964538173706474,1.314010933687987,0.28024942465077735
google--gemma-3-4b-it,exps_some,2,some,0.1,0.2919269269626427,0.10116843664391958,0.14717484722145657,0.07533289465063953,0.031804596848248434,0.05250815263454393
google--gemma-3-4b-it,exps_some,3,some,0.1,0.6986231916886305,0.2502603925267987,0.19783709433627544,0.0812322262577896,0.817303149410924,0.24584563295859035
meta-llama--Llama-3.1-8B-Instruct,exps_numerical,1,1,0.1,1.888649655503761,0.4243620271966395,0.0,0.0,1.888649655503761,0.4243620271966395
meta-llama--Llama-3.1-8B-Instruct,exps_numerical,2,1,0.1,1.7810038988757542,0.41576553172071695,0.0,0.0,1.7810038988757542,0.41576553172071695
meta-llama--Llama-3.1-8B-Instruct,exps_numerical,2,2,0.1,0.12458093308821375,0.0891442386535683,10.379396779362162,0.2,0.8634337941429245,0.2891442386535683
meta-llama--Llama-3.1-8B-Instruct,exps_numerical,3,1,0.1,1.783524438295145,0.41597758066744694,0.0,0.0,1.783524438295145,0.41597758066744694
meta-llama--Llama-3.1-8B-Instruct,exps_numerical,3,2,0.1,0.7543491738158197,0.2737691881059277,7.2327152843539695,0.14166666666666666,1.7770977368481191,0.41543585477259437
meta-llama--Llama-3.1-8B-Instruct,exps_numerical,3,3,0.1,0.3126587489118805,0.13425025253755146,0.0,0.0,0.3126587489118805,0.13425025253755146
meta-llama--Llama-3.1-8B-Instruct,exps_some,1,some,0.1,1.376595056182475,0.37378168805422674,0.0,0.0,1.376595056182475,0.37378168805422674
meta-llama--Llama-3.1-8B-Instruct,exps_some,2,some,0.1,1.066727445618633,0.3385537236277672,2.015749109937885,0.04166666666666667,1.428954629941464,0.3802203902944339
meta-llama--Llama-3.1-8B-Instruct,exps_some,3,some,0.1,0.6953497404513792,0.25055003402829723,0.0,0.0,0.6953497404513792,0.25055003402829723
meta-llama--Llama-3.2-1B-Instruct,exps_numerical,1,1,0.1,0.08511468613026948,0.09136071956473932,0.07664836830900956,0.08260727691267156,0.22878194624822226,0.14042785451476542
meta-llama--Llama-3.2-1B-Instruct,exps_numerical,2,1,0.1,0.05817995238013688,0.07808070106983173,0.28420735969085503,0.11297031046519054,0.3458418871379145,0.1739310217166389
meta-llama--Llama-3.2-1B-Instruct,exps_numerical,2,2,0.1,0.05577853647603641,0.07517323819612863,0.3276130046016875,0.1238333163375478,0.14222562418265916,0.09290546082661312
meta-llama--Llama-3.2-1B-Instruct,exps_numerical,3,1,0.1,0.07302026293293902,0.08808982436725783,0.5297709588095719,0.1697697092884369,0.6154047676820851,0.23174684207936386
meta-llama--Llama-3.2-1B-Instruct,exps_numerical,3,2,0.1,0.07593077779157084,0.08848674452578893,0.5832762241324644,0.1830512098687904,0.2013470491640172,0.1291800058865849
meta-llama--Llama-3.2-1B-Instruct,exps_numerical,3,3,0.1,0.07672231801050576,0.0852832882574907,0.4803650469218498,0.19400583320686599,0.35669530058016347,0.15538473316975393
meta-llama--Llama-3.2-1B-Instruct,exps_some,1,some,0.1,0.08406058818201366,0.0955035929685499,0.23006356357745764,0.12266763351343077,0.3750804020317028,0.1783859786863277
meta-llama--Llama-3.2-1B-Instruct,exps_some,2,some,0.1,0.047590350814078364,0.07101091498032028,0.37207533835618,0.14864952739332626,0.4152313471187609,0.19270118608946815
meta-llama--Llama-3.2-1B-Instruct,exps_some,3,some,0.1,0.06943925631539244,0.08398710788465441,0.5552787037059073,0.18116401824083833,0.5680584564776279,0.21490778427746451
meta-llama--Llama-3.2-3B-Instruct,exps_numerical,1,1,0.1,0.6072145205735685,0.148935679071264,17.552946946853172,0.3375,3.5428848331662586,0.4855351254580252
meta-llama--Llama-3.2-3B-Instruct,exps_numerical,2,1,0.1,0.6440405478390195,0.16159008693612842,17.571227992215583,0.3375,3.6068948715787945,0.48643201156378935
meta-llama--Llama-3.2-3B-Instruct,exps_numerical,2,2,0.1,1.3535986925165733,0.3242421908024852,6.788357126162845,0.1333333333333333,2.4668826417095597,0.4575755241358185
meta-llama--Llama-3.2-3B-Instruct,exps_numerical,3,1,0.1,1.0158325917596562,0.22385890527084906,13.272175251666262,0.2583333333333333,3.334973702607438,0.48219223860418237
meta-llama--Llama-3.2-3B-Instruct,exps_numerical,3,2,0.1,1.27517399486797,0.30872864201288513,7.67844203272367,0.14999999999999997,2.494439350174973,0.4587286420128851
meta-llama--Llama-3.2-3B-Instruct,exps_numerical,3,3,0.1,1.4496908602014764,0.3826785928516133,0.0,0.0,1.4496908602014764,0.3826785928516133
meta-llama--Llama-3.2-3B-Instruct,exps_some,1,some,0.1,0.9547975074593946,0.2200559477584423,13.458530968271813,0.26250000000000007,3.355609353552479,0.48255594775844235
meta-llama--Llama-3.2-3B-Instruct,exps_some,2,some,0.1,2.5784171304313794,0.4064723253544772,3.828486969964421,0.07916666666666666,3.550091343673975,0.4856389920211438
meta-llama--Llama-3.2-3B-Instruct,exps_some,3,some,0.1,1.3184383993658368,0.3604715588723362,2.99754320719778,0.0625,1.8704333793945012,0.4229715588723362
microsoft--Phi-4-mini-instruct,exps_numerical,1,1,0.1,0.2010900290264791,0.15300779285490335,0.1392071652829162,0.09756230160877946,0.100697295290808,0.10065371154332081
microsoft--Phi-4-mini-instruct,exps_numerical,2,1,0.1,0.07543211715591325,0.08919965775956293,0.700568572872677,0.19628021262374154,0.2216195624089687,0.10708055486417861
microsoft--Phi-4-mini-instruct,exps_numerical,2,2,0.1,0.05735484257375872,0.030701617425868598,0.06614473691727013,0.06856251203278105,0.11011936691012124,0.055500863619503474
microsoft--Phi-4-mini-instruct,exps_numerical,3,1,0.1,0.5245965975829405,0.23873154402666727,1.6905492073161943,0.34861359665870084,0.21091001328538989,0.11238844495430128
microsoft--Phi-4-mini-instruct,exps_numerical,3,2,0.1,0.1961929362853018,0.11952334368715559,0.1546070239669784,0.051968360020506324,0.44697640585687715,0.16937615387660593
microsoft--Phi-4-mini-instruct,exps_numerical,3,3,0.1,0.893478945544128,0.21110035299934288,0.338745904598583,0.14859728604566252,0.3390849545357598,0.12188430669684301
microsoft--Phi-4-mini-instruct,exps_some,1,some,0.1,0.11226439660490534,0.10572799197945626,0.09751173503363063,0.09045164500329196,0.17277614575140177,0.11169418134135942
microsoft--Phi-4-mini-instruct,exps_some,2,some,0.1,0.5165101455960561,0.17419315136456875,0.056472047317851284,0.02862169129080104,0.5014084801693995,0.16399141901298075
microsoft--Phi-4-mini-instruct,exps_some,3,some,0.1,0.5867834796296588,0.22682249693997605,0.09480374059628141,0.05985005734875805,0.6558537733022919,0.26006966371410883
